direction,speed
290,175
260,113
255,144
240,211
270,144
270,149
245,144
230,138
260,133
280,226
270,247
265,87
270,82
275,77
265,36
265,56
285,113
290,154
285,164
270,185
280,200
275,185
275,211
275,195
255,77
245,108
235,133
270,154
280,169
280,175
245,200
250,169
260,226
260,226
255,180
255,180
250,180
245,185
280,175
270,180
260,185
260,236
270,211
295,175
285,138
260,72
295,87
275,133
270,154
275,159
245,102
265,97
295,180
300,164
295,123
295,118
280,102
235,159
250,113
250,108
280,87
320,61
325,128
325,128
320,133
315,138
255,175
255,169
255,159
305,149
270,133
270,133
280,138
255,128
265,154
275,169
285,180
255,92
270,128
290,164
310,113
300,133
265,56
260,46
235,133
235,138
255,128
270,118
290,82
300,113
285,200
285,200
280,180
260,77
250,144
250,159
265,144
280,164
315,102
330,72
350,41
5,10
340,92
20,46
25,30
140,144
305,185
310,200
310,169
305,87
315,36
280,77
250,113
185,144
245,133
335,200
50,108
115,30
140,92
150,113
120,128
190,128
85,61
30,25
15,113
90,92
25,123
270,87
310,66
310,36
25,92
30,97
70,87
105,77
310,46
235,82
190,72
120,51
85,41
115,31
110,46
0,0
10,25
25,87
330,61
275,133
210,82
210,92
185,72
120,15
280,56
305,51
285,108
335,92
330,92
215,20
210,15
355,82
50,20
125,87
185,118
225,87
295,46
0,0
240,87
210,72
180,66
205,30
310,138
300,92
290,30
230,92
245,133
210,149
200,154
215,134
170,113
80,237
80,252
100,190
100,200
100,216
100,118
70,185
65,190
70,211
75,200
80,231
80,87
85,133
90,175
95,221
85,108
85,144
85,169
105,82
95,144
90,185
80,231
80,236
80,257
95,237
80,247
60,247
60,247
75,236
95,226
125,128
100,154
80,175
70,185
90,180
105,205
105,211
100,200
85,293
80,262
70,205
65,190
105,185
95,252
75,190
80,200
85,216
100,185
90,226
80,247
85,262
85,205
85,221
85,241
70,231
75,262
95,231
90,247
80,267
70,283
80,226
90,252
95,267
105,283
90,211
90,226
90,241
95,221
95,247
85,226
85,293
85,308
115,134
110,154
105,247
100,278
85,165
70,165
75,236
80,267
115,180
105,200
100,221
95,236
100,241
100,262
85,226
75,267
70,272
70,180
100,180
100,180
100,205
110,247
100,288
95,334
80,211
65,123
70,144
75,195
100,236
95,288
90,339
75,164
80,195
80,236
85,277
75,185
85,252
90,267
90,262
90,211
85,221
80,262
90,298
95,324
85,257
90,267
100,277
80,211
75,216
70,221
90,154
90,190
85,241
85,283
95,159
85,175
100,226
100,241
100,221
100,257
95,283
80,190
95,205
100,247
95,231
85,216
90,241
95,277
85,200
95,236
100,277
100,205
95,190
65,123
65,118
185,20
100,257
90,241
25,138
315,36
80,242
40,134
95,211
90,118
100,138
100,396
90,180
110,149
175,61
80,123
100,102
145,56
230,97
130,72
140,144
130,97
50,190
75,118
115,10
125,20
115,113
150,77
190,46
85,92
80,41
120,123
45,87
350,61
280,25
90,102
40,46
345,10
30,129
355,98
140,25
325,92
140,26
340,61
310,118
270,190
265,195
275,128
290,118
310,97
330,108
325,108
190,46
250,123
260,133
275,118
260,36
240,36
255,72
270,72
265,20
285,56
50,82
85,87
185,36
200,72
220,56
245,30
250,20
215,97
265,56
285,87
310,123
310,123
290,25
340,56
350,61
330,82
285,118
250,66
285,87
305,108
345,133
40,51
310,144
305,149
300,149
285,133
280,118
265,138
250,138
285,56
280,77
280,113
270,118
255,123
250,92
265,102
285,113
295,118
30,77
15,82
340,102
290,66
290,66
265,82
230,113
215,123
225,123
200,118
190,118
280,56
0,0
225,36
240,36
255,41
265,41
255,30
250,30
250,123
245,190
245,62
250,67
235,103
260,154
250,118
250,102
255,87
250,72
255,82
275,118
275,260
255,123
195,36
250,51
245,66
280,159
295,159
295,159
320,97
270,41
245,10
210,30
180,51
300,41
250,82
225,113
215,118
210,51
225,56
265,72
305,82
285,36
285,36
290,61
220,41
210,41
155,41
145,46
75,25
25,10
295,149
280,149
275,185
280,169
270,159
190,72
245,25
260,15
245,82
240,118
290,102
310,108
280,113
295,123
300,123
245,169
245,159
250,144
210,133
235,133
275,138
285,128
285,128
275,138
285,66
270,149
285,154
280,154
265,211
265,221
265,175
270,180
270,169
255,149
220,180
245,159
230,175
225,175
275,46
260,56
285,61
230,36
330,5
0,0
340,30
340,92
315,56
310,61
245,87
255,102
265,102
250,87
250,87
265,87
325,61
255,46
260,46
250,77
220,87
335,20
315,36
290,118
265,113
265,108
295,77
285,66
275,51
285,102
250,123
305,97
265,87
225,82
285,56
280,46
250,66
210,92
270,128
245,113
220,97
180,77
160,66
250,41
300,87
335,113
330,123
300,97
305,97
280,108
270,108
280,128
265,133
255,138
245,144
245,144
280,164
275,149
275,128
275,113
260,128
270,118
290,87
230,36
270,30
295,30
285,97
300,97
250,216
245,169
240,113
235,113
210,61
165,41
135,25
245,82
220,66
200,56
250,51
235,46
190,36
120,20
295,108
315,113
315,102
275,123
285,128
290,128
225,102
215,97
180,72
320,82
340,41
0,0
300,149
325,113
355,72
25,20
300,123
275,66
265,51
290,36
0,0
240,118
270,108
305,97
295,123
305,102
330,51
0,0
310,190
5,133
70,72
120,25
0,0
340,15
185,113
185,113
125,61
0,0
40,56
75,108
80,108
45,123
250,56
305,61
340,66
0,66
290,30
355,56
45,72
45,72
285,51
280,36
280,36
330,15
0,0
5,10
140,36
125,36
120,36
25,56
0,41
5,46
205,15
200,20
175,51
295,133
315,123
340,102
10,87
35,72
310,154
300,159
310,128
335,61
0,0
5,82
40,72
85,56
280,97
220,66
185,46
170,46
90,36
245,36
210,66
175,97
30,108
35,113
60,138
0,0
15,15
55,56
115,118
50,10
65,15
155,61
165,66
335,77
15,56
20,51
100,87
90,108
70,138
70,154
55,51
60,82
70,118
320,36
250,36
190,36
145,36
45,92
75,108
165,77
130,87
120,87
155,61
140,46
130,56
65,113
335,41
5,51
50,61
40,72
70,92
100,108
125,123
95,118
100,154
120,97
115,108
105,133
105,30
55,77
30,102
45,102
90,113
110,15
60,46
65,56
65,87
55,149
60,144
80,128
95,118
145,77
150,118
115,97
90,87
45,144
45,159
55,72
65,92
75,123
95,164
40,36
55,51
85,87
95,102
20,15
50,56
70,87
90,113
340,118
0,149
175,77
165,77
135,82
145,97
150,97
125,123
120,102
90,133
65,154
65,118
100,144
95,149
85,185
95,205
95,211
225,15
215,25
185,61
150,92
120,128
160,51
155,51
115,82
65,36
70,77
75,123
120,123
125,123
120,144
125,118
110,138
95,159
20,87
50,123
75,149
100,185
70,128
100,164
115,185
65,41
70,51
90,82
115,123
310,77
345,92
145,128
135,133
115,164
85,226
95,180
150,61
120,77
80,102
80,102
95,149
80,118
100,154
80,185
90,216
90,180
90,195
85,205
20,108
20,108
45,133
25,97
60,113
70,133
120,169
115,190
85,200
90,205
75,226
75,169
85,195
105,180
105,195
90,288
85,272
80,113
85,118
95,149
85,221
85,205
80,185
85,195
85,200
85,236
85,241
105,159
105,164
90,154
85,149
85,252
90,283
105,221
105,226
105,241
95,226
95,226
95,247
110,221
90,257
95,200
95,236
95,236
95,216
85,226
100,267
105,272
100,272
100,216
105,241
105,252
90,226
90,226
95,247
315,61
335,66
300,20
250,51
165,102
10,113
45,97
150,41
265,92
185,56
145,108
105,97
35,51
100,190
105,102
95,164
95,205
90,272
55,128
75,133
95,138
130,123
130,133
105,118
85,149
70,169
50,92
65,113
70,133
75,200
95,185
90,190
90,200
100,175
95,164
95,159
90,118
90,133
90,154
100,128
95,169
90,185
95,118
80,133
80,190
80,195
95,241
110,51
100,128
95,180
90,226
45,102
70,154
75,72
80,118
90,164
100,236
80,154
85,195
80,169
85,205
85,216
95,221
90,159
95,169
90,175
70,180
70,185
75,180
95,159
90,180
100,185
70,180
65,175
70,195
75,211
80,211
90,211
55,133
65,138
70,138
90,144
95,190
80,195
75,200
85,211
65,118
90,180
90,180
90,216
90,169
85,185
75,221
55,164
70,205
85,247
95,272
90,190
105,221
115,118
105,159
95,195
95,283
95,303
85,257
90,257
100,118
95,149
95,185
85,169
80,175
85,211
90,267
105,185
100,211
90,247
90,185
105,205
110,216
85,221
90,288
90,303
80,247
85,252
100,283
100,283
80,241
85,277
85,283
85,247
85,247
100,247
110,247
90,231
90,231
90,247
65,195
85,231
85,247
85,144
90,200
95,236
100,241
85,236
85,236
90,226
90,231
90,231
85,226
90,211
90,216
95,226
100,241
100,241
100,262
85,288
90,190
120,211
100,236
95,205
80,216
75,221
90,128
100,185
100,195
95,190
105,195
95,200
85,226
85,226
85,211
90,247
95,267
95,283
105,241
100,252
100,272
95,231
85,247
105,226
90,257
80,200
95,221
105,211
95,205
95,205
80,211
80,211
95,226
85,211
85,231
120,175
120,175
75,211
75,216
85,262
95,298
80,180
95,200
105,226
95,205
95,247
90,241
100,272
95,277
80,226
85,277
130,113
120,133
105,175
95,154
90,169
85,226
110,169
100,211
80,133
80,138
95,185
90,205
85,200
75,190
75,205
80,164
255,77
270,92
195,56
220,51
290,149
285,128
320,118
255,133
280,195
285,262
255,185
255,205
255,185
295,113
290,118
290,77
240,133
270,138
275,144
285,133
245,133
250,180
240,200
280,133
270,123
240,133
230,133
275,164
255,123
255,118
285,102
285,113
280,123
290,169
300,216
260,144
305,221
290,216
245,128
260,128
285,123
315,123
315,97
320,154
235,82
235,118
265,108
280,102
235,133
265,128
280,118
185,138
0,77
35,66
95,123
355,118
105,66
160,128
145,97
85,138
150,46
90,92
45,133
0,41
0,41
135,108
145,97
45,118
75,128
115,138
105,113
95,118
115,144
0,77
90,41
80,82
115,164
50,133
60,133
90,123
120,200
115,195
85,247
60,169
95,262
100,82
55,51
65,113
125,169
105,164
175,159
90,247
60,133
115,272
115,185
110,231
80,252
95,247
95,169
90,164
300,159
260,97
105,118
130,195
120,200
80,236
95,231
100,241
70,118
90,175
100,180
80,190
65,190
125,185
70,216
75,226
95,226
105,216
75,190
105,128
105,195
75,283
115,241
105,195
95,226
80,241
75,185
80,164
75,267
115,82
100,149
85,190
105,200
80,288
95,200
70,293
80,154
80,180
80,180
75,87
90,159
115,257
90,226
90,252
95,226
85,190
90,190
100,190
80,247
95,180
100,226
215,180
100,154
100,236
100,241
85,216
90,221
85,211
100,252
75,247
80,257
175,180
125,231
105,257
80,175
85,216
95,293
80,236
85,303
100,288
90,288
80,288
85,236
95,298
100,257
105,226
70,231
90,231
120,200
80,226
80,231
80,252
110,272
95,267
100,277
80,288
85,236
70,241
85,231
75,231
100,236
95,247
75,211
105,241
85,241
100,257
110,267
105,267
90,241
75,216
80,252
75,257
100,298
100,288
100,293
95,257
90,257
100,241
95,236
95,236
90,231
85,236
90,236
85,236
75,252
80,257
100,211
100,221
95,247
95,236
95,236
95,236
95,195
80,205
85,205
75,205
85,221
85,252
90,231
95,241
105,257
105,211
105,226
75,190
95,185
80,241
90,319
85,169
100,257
80,185
95,164
95,200
100,226
80,175
135,133
120,149
125,154
110,97
110,123
75,190
80,164
80,175
105,257
90,303
90,272
95,231
105,144
100,180
85,159
115,97
95,113
200,175
95,216
90,314
100,190
105,267
80,200
110,257
80,221
95,298
80,175
95,221
105,236
90,303
115,211
85,200
85,216
75,221
95,277
145,133
120,267
85,314
75,200
125,231
95,283
145,113
70,149
70,205
95,118
95,262
85,288
75,236
85,272
70,118
235,66
340,5
305,118
250,128
155,20
195,77
150,25
205,113
240,195
240,144
315,118
0,51
240,66
275,200
150,20
310,149
325,133
335,123
205,56
205,61
285,102
260,195
285,118
290,200
280,185
290,92
255,164
260,169
265,123
300,195
290,149
295,175
275,108
290,118
260,46
250,97
240,118
235,77
290,123
320,102
0,87
285,61
255,133
250,123
355,46
0,41
250,46
260,36
280,10
240,92
285,97
345,66
285,149
300,149
255,123
275,72
275,92
290,190
310,108
300,159
305,138
295,159
295,128
280,97
355,56
265,72
175,20
245,77
245,108
255,108
280,118
40,92
130,10
275,87
170,51
355,36
0,41
250,87
250,92
255,10
240,25
250,144
335,15
315,46
265,138
315,25
0,36
180,92
0,51
0,51
50,133
60,77
130,41
65,36
355,10
265,138
165,25
275,118
235,102
265,154
225,133
225,108
275,30
250,56
210,77
145,15
230,102
230,92
285,118
245,97
260,92
315,118
290,82
270,51
340,118
350,128
0,56
0,56
310,61
285,5
305,61
280,72
175,113
210,77
210,46
240,51
320,118
300,108
300,164
280,149
185,61
275,15
270,36
260,149
265,5
300,128
290,108
275,113
280,51
290,72
355,77
295,108
210,61
250,138
260,149
240,77
275,51
280,46
225,30
285,66
255,97
290,118
270,118
280,154
290,195
280,149
275,118
305,169
315,185
310,82
0,10
325,5
255,108
235,247
245,231
110,149
270,108
260,66
275,113
280,133
315,138
265,128
255,123
270,123
260,108
260,128
115,15
170,30
0,72
0,72
0,51
0,56
0,56
0,61
355,66
190,61
310,108
335,159
15,92
225,149
240,159
210,133
230,149
270,102
235,133
265,164
265,87
240,118
300,118
225,102
235,113
280,87
0,61
0,61
295,92
325,144
40,138
20,118
140,5
205,97
0,97
240,72
125,15
170,82
240,190
215,185
270,272
280,205
240,123
265,133
245,87
310,46
245,87
260,102
285,113
255,102
225,138
320,66
285,61
210,133
220,77
255,123
240,82
270,56
275,72
250,113
245,149
305,118
300,133
265,195
235,138
265,205
265,87
240,118
300,118
235,97
265,118
300,144
255,61
240,97
270,149
190,108
265,138
315,144
280,118
270,113
275,118
280,77
245,108
285,133
225,108
285,118
295,133
270,144
255,102
270,102
255,123
265,118
275,149
265,205
265,190
265,169
260,169
280,123
275,133
275,175
285,149
285,144
300,118
260,66
250,164
250,185
245,108
285,128
280,175
245,118
260,159
265,195
285,154
275,123
265,102
265,97
290,154
275,175
275,205
275,138
270,175
285,190
220,108
280,82
305,113
260,97
285,123
270,154
215,123
250,195
255,87
15,30
325,113
260,92
315,154
275,77
230,15
70,20
105,41
300,159
320,123
255,226
290,195
270,252
275,205
280,154
280,190
275,118
305,77
315,66
255,77
245,72
195,15
290,92
255,92
195,113
210,97
230,82
270,154
260,149
260,118
265,72
235,169
290,25
260,77
325,180
315,169
340,118
305,20
265,149
245,221
265,164
265,102
270,133
285,195
305,144
295,154
270,180
290,123
260,164
235,123
265,128
275,159
305,175
300,159
280,128
275,72
275,87
310,138
265,82
270,72
230,113
255,82
275,41
310,72
270,15
345,138
275,164
280,169
270,128
300,118
300,113
295,72
280,30
240,102
75,41
225,41
265,118
285,149
265,82
260,66
315,133
300,72
290,51
260,97
250,41
260,77
245,118
255,87
0,41
285,102
290,138
315,175
305,97
270,128
290,159
255,175
250,113
220,41
265,87
220,149
275,87
300,77
300,108
285,82
350,51
295,77
50,5
55,10
25,118
30,41
325,5
235,108
235,108
190,46
230,82
255,200
255,144
260,123
300,41
275,82
240,128
265,190
280,144
285,118
245,66
265,82
285,102
265,118
290,133
315,175
265,133
205,87
300,77
255,51
285,92
270,82
180,77
235,72
250,102
260,118
255,66
270,113
290,159
270,46
265,51
305,133
315,144
150,5
315,113
0,72
5,72
45,66
300,5
170,133
295,149
0,113
300,66
260,133
290,113
270,97
270,113
280,144
250,102
255,97
295,77
315,108
295,61
285,46
245,108
290,77
295,133
300,108
330,118
290,154
265,154
250,175
270,149
300,123
275,128
275,123
245,149
0,87
265,72
305,72
170,51
40,46
330,15
195,87
255,149
245,118
295,66
270,200
305,180
310,123
310,108
240,92
265,108
275,144
290,159
285,128
290,82
305,149
205,128
200,97
220,87
265,102
295,97
320,154
255,92
225,72
265,102
270,10
270,102
250,118
325,180
315,169
260,118
245,154
235,123
290,92
205,92
280,138
285,144
275,169
240,144
220,144
210,66
315,180
310,175
260,133
270,128
275,118
230,164
225,149
215,144
235,108
275,113
155,97
240,56
260,61
295,118
280,113
275,118
295,138
180,82
290,159
310,149
270,164
265,185
235,195
205,175
265,149
270,113
270,113
285,25
280,118
170,113
255,41
240,92
220,108
205,169
135,72
65,15
285,108
345,25
345,51
355,164
320,128
240,77
250,51
240,133
195,164
270,133
240,113
115,41
285,82
290,113
330,61
305,87
305,92
90,15
275,66
355,92
0,138
310,128
95,5
215,51
260,180
270,133
270,61
295,175
310,169
300,190
205,97
320,118
130,41
170,123
270,51
300,118
190,102
355,77
0,77
60,46
140,82
10,51
265,169
260,169
230,108
195,46
250,169
265,154
245,185
300,87
185,5
140,25
5,92
270,221
260,164
275,169
270,123
220,82
305,118
320,108
0,72
40,46
250,123
230,87
200,51
290,180
160,118
0,102
45,66
110,118
190,128
245,118
180,36
285,144
245,123
175,66
200,123
115,41
255,118
305,92
335,41
355,51
265,180
210,72
80,123
85,138
0,87
170,169
90,205
245,118
355,87
130,159
55,164
180,159
190,61
95,164
185,66
155,97
130,133
75,118
100,231
0,128
105,231
80,118
100,175
95,262
75,283
90,118
90,154
160,10
115,56
110,113
0,66
40,56
110,138
120,138
70,149
160,108
55,66
60,66
90,144
115,118
65,149
95,175
75,123
85,169
105,283
245,159
155,231
85,298
95,241
100,334
10,77
50,144
75,195
105,205
140,216
90,257
135,133
100,195
80,262
70,164
90,164
100,200
95,169
85,288
65,30
80,61
100,128
85,216
95,236
80,308
100,247
100,247
95,133
80,236
70,257
95,298
85,257
90,262
105,236
75,308
80,288
95,272
85,272
90,144
80,175
70,169
80,180
90,308
85,360
95,216
90,247
90,252
85,262
90,257
90,288
95,360
90,283
85,360
115,236
105,241
75,298
105,200
60,277
100,247
105,247
95,247
70,262
80,247
95,277
95,272
90,350
85,329
100,329
100,314
100,329
95,319
80,350
90,314
75,339
80,319
90,314
95,149
100,159
105,169
105,180
95,272
95,329
85,329
80,344
90,350
90,370
90,277
90,236
100,257
100,262
95,236
75,164
155,77
330,61
75,159
95,164
130,118
110,128
130,133
100,293
90,144
75,118
90,30
70,72
185,108
0,82
110,97
65,51
90,118
220,72
315,15
350,61
60,56
45,82
35,123
0,41
330,25
5,5
275,87
235,72
260,133
250,66
190,25
250,123
85,97
80,185
240,133
325,46
140,51
175,87
225,144
170,108
230,30
290,102
355,66
285,108
250,97
265,123
240,149
290,82
270,123
265,128
290,123
215,82
245,92
320,25
315,72
250,149
260,185
305,133
320,149
235,118
195,51
230,46
230,102
260,51
245,149
235,154
250,180
255,41
55,36
220,25
280,5
280,118
295,138
300,97
290,87
245,113
255,200
270,241
260,118
270,103
260,128
245,77
250,77
250,87
290,190
325,36
310,66
280,108
260,133
260,36
255,72
250,113
265,82
280,87
285,102
270,97
250,97
140,36
160,46
185,41
215,15
270,102
165,51
245,97
260,82
220,128
230,144
230,15
310,102
325,149
125,41
175,61
190,61
250,102
255,108
275,108
305,97
245,82
170,20
220,36
285,77
255,51
210,15
220,20
200,77
185,5
0,41
0,36
310,61
320,56
265,10
245,123
105,102
0,66
220,123
240,102
265,72
290,46
185,41
240,25
150,61
10,118
285,20
225,144
215,113
0,92
290,138
255,164
175,51
140,72
45,118
335,30
295,92
0,82
255,92
135,72
110,72
245,10
165,61
65,123
350,46
0,46
5,46
350,46
350,5
100,123
95,221
0,118
60,138
115,113
310,25
320,15
295,82
0,72
335,123
145,51
120,82
105,92
85,113
100,216
15,20
75,113
55,133
55,159
80,288
70,133
80,154
65,25
35,41
80,102
105,144
95,272
85,20
125,113
110,123
70,164
75,164
80,36
95,82
135,97
110,113
85,133
80,149
95,123
70,185
70,190
80,15
105,169
100,123
85,128
110,138
70,138
110,164
100,133
130,128
90,169
60,128
195,128
90,46
65,159
75,128
80,102
330,5
260,138
90,118
85,118
130,149
105,164
55,226
75,226
105,211
115,195
130,185
110,175
100,164
65,138
45,133
70,149
120,164
140,138
95,149
125,190
95,190
95,164
115,236
80,200
75,231
75,303
30,149
95,211
95,247
70,190
105,216
105,272
65,133
85,133
100,144
95,138
95,185
95,61
115,175
75,123
110,164
100,92
105,169
110,211
75,221
140,118
135,113
115,97
115,159
90,190
65,277
40,169
70,185
100,200
40,154
85,175
110,195
70,169
100,169
75,247
45,118
90,108
110,221
95,169
65,231
80,51
70,82
65,108
65,113
150,133
85,97
300,169
135,118
80,164
90,277
195,231
190,231
90,355
65,195
110,180
110,216
130,138
80,154
100,175
75,200
65,154
90,154
100,221
95,257
125,154
115,226
105,293
105,133
70,41
115,102
125,159
105,72
90,144
75,159
105,118
120,133
105,200
115,133
115,144
120,154
95,185
80,211
90,123
105,216
60,159
80,190
105,205
85,247
110,241
85,267
90,190
80,159
80,118
80,216
80,169
85,205
85,293
70,133
120,195
90,221
85,257
85,277
100,277
95,334
110,133
130,185
75,82
115,138
90,226
90,241
65,211
110,159
90,221
80,267
95,257
95,236
85,205
80,164
75,247
100,200
135,159
90,190
80,175
90,190
100,133
90,226
80,180
75,159
100,118
95,247
100,221
105,164
110,118
290,61
355,15
345,25
115,118
120,123
75,61
0,97
105,159
90,159
105,154
95,195
120,164
80,144
60,211
80,123
100,56
90,262
90,216
85,118
270,15
80,247
245,108
0,15
150,56
165,15
260,97
50,51
45,25
0,36
100,252
90,283
150,41
345,30
320,66
285,118
90,180
90,118
130,97
330,5
195,36
120,82
275,149
265,144
260,154
135,46
235,25
325,10
340,10
0,51
0,56
25,133
40,159
60,144
80,118
135,138
155,102
185,56
75,123
215,46
300,5
295,25
155,66
165,113
245,133
110,144
135,138
165,36
15,36
355,41
280,138
300,108
245,72
260,164
295,195
285,216
290,190
285,180
285,133
210,41
300,15
170,46
60,77
5,25
310,118
20,36
45,77
115,56
340,5
110,72
75,87
205,30
90,41
65,41
320,15
300,180
295,10
300,41
320,180
320,10
305,30
200,72
55,97
130,66
180,41
255,10
85,97
40,61
20,46
5,56
0,56
25,30
0,41
345,56
265,211
295,118
285,128
290,211
290,185
290,123
245,138
255,133
290,123
305,92
290,102
280,108
250,118
260,87
275,30
270,36
250,118
155,77
205,82
240,61
285,257
345,10
315,61
280,231
280,205
255,72
250,51
245,30
285,82
275,56
290,72
305,97
325,128
310,138
290,82
235,108
245,102
255,97
210,10
225,66
260,169
260,169
340,108
335,113
255,82
260,123
275,159
270,185
265,159
260,123
260,190
270,169
280,138
315,56
285,149
285,138
290,128
235,133
175,25
170,15
185,36
270,113
265,102
280,113
300,118
310,41
310,30
290,56
260,92
30,15
95,41
320,77
310,118
340,133
340,123
265,92
130,10
230,113
270,128
275,138
345,87
325,113
355,46
0,46
0,15
320,108
280,118
280,118
275,257
260,180
260,164
255,175
265,77
275,175
275,175
280,159
290,138
325,92
0,36
5,46
160,72
185,66
275,108
240,154
320,30
330,51
355,46
0,41
10,41
260,92
250,25
275,30
315,41
125,30
300,82
280,97
240,133
255,118
260,118
235,36
215,118
245,144
275,200
245,118
270,138
265,133
255,164
250,175
300,87
270,123
290,118
305,118
325,113
310,72
330,51
280,108
275,56
320,56
220,20
345,108
315,30
275,56
295,36
10,97
305,5
300,10
230,36
295,123
290,185
315,108
295,113
245,123
275,118
275,133
240,118
245,82
260,72
5,36
75,20
65,5
85,15
255,118
320,5
310,46
285,138
215,138
245,190
255,205
250,185
315,149
310,138
305,133
305,154
265,82
275,118
270,102
330,159
330,154
290,102
260,87
275,51
280,190
280,102
345,97
285,51
240,10
350,102
0,87
240,51
130,5
230,133
270,66
275,56
325,236
305,175
300,175
225,30
245,66
260,92
230,149
240,138
275,108
320,159
270,154
285,25
265,46
295,87
255,159
265,56
265,200
225,128
280,169
275,216
275,200
270,164
270,154
255,154
250,97
260,175
250,169
255,164
265,138
265,133
265,138
275,72
250,46
250,72
220,87
215,92
230,92
275,82
285,36
290,102
290,123
305,41
300,66
270,133
295,241
295,226
290,205
295,180
240,15
250,66
280,180
280,175
255,247
260,221
265,226
280,97
275,61
300,92
315,108
325,113
285,87
275,25
220,82
285,87
235,51
235,51
255,87
270,72
290,51
310,30
220,10
275,108
280,118
265,118
265,133
265,262
275,190
270,252
265,149
255,190
265,231
265,216
270,226
285,211
255,144
245,211
280,205
300,118
270,164
260,154
260,154
270,211
270,190
290,133
245,133
260,154
240,169
255,144
265,123
270,108
290,169
280,133
275,154
275,169
280,159
270,190
255,144
270,195
270,195
275,123
255,72
285,97
285,97
240,72
230,66
275,169
275,169
265,92
310,102
320,82
320,82
320,46
320,46
345,46
335,118
335,118
0,61
355,118
130,36
135,46
185,97
185,102
205,118
205,118
285,128
290,149
290,149
325,97
325,97
285,200
305,159
320,138
320,138
290,144
290,144
270,149
255,128
255,118
275,149
275,149
265,133
265,144
265,144
270,97
270,97
305,46
85,10
85,10
180,149
180,149
330,87
0,56
0,56
0,0
60,25
0,0
275,41
230,77
230,77
190,97
190,97
210,56
0,0
0,0
30,92
30,92
345,77
345,77
240,36
240,25
240,36
270,25
330,10
330,10
50,36
250,66
230,51
210,51
255,97
255,97
300,190
290,164
295,164
290,123
295,133
235,51
255,118
265,82
135,10
310,159
0,149
295,118
295,118
295,118
305,77
0,0
0,0
245,66
225,51
225,51
285,144
280,144
285,144
300,123
0,56
280,159
275,154
275,154
275,149
260,113
275,118
240,97
280,128
325,118
350,77
250,41
0,0
0,0
235,51
160,20
0,30
110,36
120,15
120,15
275,66
305,66
305,66
260,185
260,185
245,113
220,61
265,154
265,154
265,87
235,97
225,77
310,10
310,10
265,113
265,113
265,102
295,51
310,5
310,5
230,87
195,123
195,123
150,20
285,149
285,149
285,77
255,72
255,72
35,15
270,180
270,180
260,169
260,118
260,118
255,118
290,180
290,180
295,169
305,118
305,118
260,221
245,185
240,169
240,133
235,118
0,0
0,0
260,144
240,175
240,118
240,118
310,15
310,15
10,36
285,113
285,113
285,97
325,36
325,36
30,20
30,20
305,118
305,118
240,25
170,15
170,15
245,36
210,20
245,10
240,10
240,10
300,61
290,66
290,66
0,108
0,108
270,56
320,77
325,77
30,41
30,41
295,164
295,164
275,118
215,56
195,30
195,30
240,113
240,113
245,97
175,51
130,15
215,118
215,118
295,46
315,61
335,41
0,41
0,41
310,92
310,92
305,36
230,51
180,25
250,92
215,41
200,30
200,30
255,97
255,97
280,46
5,36
325,30
5,36
285,128
320,72
265,61
240,82
205,61
265,118
310,66
310,66
0,128
265,190
285,149
285,159
310,138
330,118
330,118
310,205
310,205
320,175
345,118
345,118
65,72
65,72
325,118
330,108
325,118
0,72
0,72
60,61
60,61
310,118
30,25
50,87
80,72
300,5
200,77
175,66
265,102
280,15
280,15
350,41
0,87
0,87
0,169
0,169
325,46
325,46
350,108
345,159
345,159
0,149
0,149
320,144
320,113
325,118
325,118
315,123
50,82
50,82
280,102
280,102
280,102
35,10
35,10
170,144
170,144
350,30
285,102
285,102
295,97
165,56
110,41
110,41
280,118
20,20
70,30
20,20
140,92
140,92
285,66
245,30
190,15
225,72
225,72
240,20
295,10
25,51
25,51
30,72
305,56
305,56
350,82
0,92
0,92
325,118
325,51
325,51
50,97
50,97
80,102
95,128
105,138
115,144
115,144
340,36
340,36
140,41
145,41
140,41
90,82
45,118
45,118
260,82
260,82
220,10
220,10
120,30
40,97
40,97
105,118
205,66
325,15
325,15
20,41
0,82
0,82
5,97
270,97
270,97
335,77
0,51
60,51
60,51
0,0
65,36
65,36
145,97
325,92
325,92
355,46
110,25
110,25
315,118
315,118
230,46
125,20
125,20
190,10
190,10
180,82
140,66
185,138
185,138
95,77
55,113
55,113
240,128
270,61
0,51
0,51
85,41
130,66
85,97
0,87
10,102
30,144
60,118
85,97
0,97
70,128
300,169
65,15
160,108
150,118
150,118
120,159
75,226
0,118
0,118
55,123
125,87
125,87
330,113
0,82
0,82
20,56
265,128
310,169
240,30
170,118
320,118
305,159
320,118
80,51
100,56
80,51
125,118
125,118
100,159
100,159
0,144
0,144
90,72
105,66
130,118
130,118
80,118
150,118
150,118
145,149
95,102
95,102
115,144
140,149
140,149
135,149
100,123
70,102
95,149
215,118
75,61
55,56
80,97
95,118
95,118
65,164
200,175
200,175
105,66
85,61
85,61
60,102
60,102
95,118
95,118
110,20
110,20
30,118
30,123
30,118
60,169
95,236
165,41
105,30
105,30
25,66
20,72
20,72
80,108
110,128
110,128
0,87
0,87
60,185
200,190
65,66
145,133
150,138
150,138
120,138
85,133
85,133
175,138
125,82
80,61
140,154
65,118
65,118
95,97
95,97
215,36
45,102
45,118
60,123
100,133
335,102
70,15
70,15
70,51
90,149
110,262
105,61
105,61
105,144
115,185
115,185
75,236
75,236
90,102
100,123
80,154
65,180
80,164
70,56
70,56
140,149
140,149
135,159
70,144
70,144
90,87
45,128
45,128
105,144
115,82
90,41
85,46
90,41
55,87
40,108
40,108
0,0
20,118
20,118
30,123
90,180
90,180
120,180
350,154
350,154
35,108
95,92
95,92
70,169
70,169
355,118
355,118
55,66
55,66
110,108
145,144
145,144
175,118
175,118
165,149
110,144
75,154
75,154
170,41
170,41
110,108
65,169
65,226
130,15
80,175
55,185
55,185
90,247
90,247
0,128
0,128
55,128
80,205
80,205
110,231
110,231
100,133
125,190
125,190
0,0
70,149
100,185
115,267
115,267
125,118
125,118
125,118
130,190
130,247
130,247
185,138
185,138
155,128
85,133
85,133
215,10
215,10
90,56
80,118
80,118
80,149
10,77
80,221
85,231
85,231
95,262
110,288
110,288
100,102
85,128
85,128
90,144
95,200
105,87
100,118
100,118
95,164
90,241
90,241
100,216
10,36
10,36
95,82
80,175
100,216
130,164
130,164
120,164
80,123
80,123
295,46
210,20
210,20
170,25
125,30
115,97
90,118
90,118
75,133
335,102
335,102
340,66
0,66
0,66
275,113
0,36
70,128
110,169
110,169
95,118
100,247
95,97
105,61
105,61
95,185
75,190
75,205
65,61
65,61
65,92
80,138
85,61
85,61
45,108
40,118
40,118
65,138
90,169
90,169
40,128
40,128
70,195
90,252
90,252
90,257
110,200
105,221
105,221
100,226
120,56
120,56
115,61
70,118
70,118
100,77
80,149
100,82
100,82
70,118
55,113
55,113
70,133
100,175
100,175
30,61
30,61
55,72
80,102
100,118
100,118
140,82
60,118
60,118
60,128
75,185
0,0
0,0
5,92
5,92
20,87
105,123
95,190
105,221
35,169
35,169
90,185
110,144
110,144
115,200
165,211
95,283
120,41
120,41
125,113
60,144
60,144
105,175
135,123
70,159
65,169
65,169
80,205
100,267
90,36
45,185
45,185
50,195
100,175
135,123
130,138
70,190
100,236
105,118
105,118
85,185
65,205
65,205
100,272
100,272
75,138
70,164
75,200
80,133
80,133
90,154
110,221
110,221
90,277
95,41
110,149
110,159
85,257
105,118
105,118
105,200
70,211
70,211
95,241
95,241
55,205
115,56
115,56
90,92
70,164
55,205
75,113
70,149
70,149
80,185
95,257
150,72
150,72
80,61
65,118
65,118
95,169
95,169
100,56
75,138
70,149
70,149
95,195
110,226
110,226
95,46
95,46
90,72
70,123
70,123
90,159
90,159
120,185
120,195
120,195
85,211
85,211
65,108
60,154
60,154
65,190
75,257
105,56
105,56
105,118
85,164
85,164
105,123
105,123
105,175
100,195
125,138
110,154
90,252
75,108
175,211
115,108
115,108
100,128
105,185
75,97
85,118
105,169
85,123
0,0
0,0
30,92
30,92
40,92
85,123
105,15
70,97
70,102
70,102
85,169
95,257
85,133
80,231
100,277
100,277
90,20
60,108
65,118
85,195
95,236
115,149
115,154
115,154
80,185
80,185
110,221
110,221
95,205
85,247
85,247
245,5
90,108
70,133
70,133
75,169
70,123
195,159
120,154
115,185
115,185
95,185
70,190
70,190
350,5
80,164
185,205
95,308
75,144
75,144
85,185
110,231
110,231
80,149
85,236
95,288
100,144
100,144
100,149
105,200
90,25
90,25
50,97
55,118
55,118
75,164
90,200
90,200
115,25
60,92
60,92
60,92
110,123
110,123
140,25
140,25
150,46
100,185
90,226
90,226
110,72
80,169
65,205
100,195
100,195
100,216
95,216
95,118
95,118
85,180
100,277
100,277
110,138
80,231
80,231
80,195
100,226
100,226
125,36
80,138
80,144
80,138
130,164
130,164
0,20
115,118
110,185
130,108
130,108
90,118
90,118
90,128
90,185
90,205
90,205
105,108
90,123
90,175
85,195
85,195
40,87
75,87
75,87
85,102
115,190
115,190
85,211
55,77
115,92
110,118
85,164
75,185
50,118
50,118
60,133
80,200
115,118
115,118
115,123
100,169
90,123
105,180
105,180
140,51
140,51
90,118
90,118
90,118
90,180
100,133
100,133
90,164
100,175
75,180
105,231
95,159
75,175
75,175
75,185
95,66
80,102
50,128
50,128
70,149
105,195
95,123
90,123
90,123
115,169
115,169
75,118
85,154
100,200
100,154
100,154
100,175
95,195
120,66
110,123
80,138
80,138
135,118
135,118
115,164
90,138
90,138
65,205
65,211
65,205
75,247
70,175
70,175
100,185
110,175
105,195
135,144
120,118
130,175
130,175
130,175
110,226
85,277
85,277
60,169
60,169
65,195
80,226
95,272
100,211
100,211
100,221
90,262
85,288
85,288
105,149
105,149
100,216
100,236
95,298
90,185
90,185
95,190
100,241
110,272
80,216
70,190
85,231
70,92
70,92
100,200
100,200
100,211
90,226
85,252
85,252
85,118
85,118
90,169
95,226
80,195
80,195
85,205
85,226
90,56
110,138
115,144
115,144
110,159
105,149
80,164
55,123
80,123
80,123
80,123
80,169
80,138
105,175
105,175
105,185
100,236
100,159
95,241
100,231
95,252
90,283
90,211
95,252
80,154
80,252
80,102
75,185
90,231
90,231
85,231
75,236
100,267
100,257
100,257
100,283
95,329
105,262
110,257
85,272
115,247
115,247
95,303
95,303
95,303
95,298
75,247
75,247
80,257
105,267
105,267
60,180
60,180
80,216
80,216
95,221
110,226
110,226
110,226
85,164
85,221
70,252
70,283
70,283
90,236
105,236
95,236
135,113
100,190
95,200
95,200
95,190
95,221
95,221
50,205
90,231
85,252
85,247
65,226
90,283
95,190
105,190
70,190
100,123
90,164
75,252
75,252
90,205
90,205
85,195
85,221
100,118
75,267
75,277
75,277
85,221
85,190
85,190
75,195
75,221
65,200
80,216
80,216
90,216
90,200
90,200
105,283
75,190
90,211
95,216
80,175
100,159
90,154
90,154
115,190
115,190
100,205
70,252
70,252
80,247
95,205
95,205
100,226
100,226
65,205
90,211
90,216
70,236
120,175
120,175
90,133
80,149
80,149
95,144
95,144
80,175
70,169
70,169
95,159
95,159
85,216
85,216
70,185
80,216
60,205
60,205
80,190
115,211
115,211
75,241
75,241
85,241
100,236
100,236
100,241
80,164
80,164
95,185
85,205
75,123
105,190
115,175
115,175
105,200
80,200
80,200
105,159
105,164
105,159
100,211
95,252
95,252
100,138
100,138
75,195
80,180
80,159
80,159
90,190
85,195
105,175
105,175
90,195
100,236
95,200
65,221
65,221
100,231
85,175
85,175
105,195
105,195
100,200
90,221
80,231
80,231
95,185
85,190
85,190
85,195
75,221
70,267
70,272
115,226
115,226
95,211
90,216
90,226
35,169
35,169
90,205
100,221
100,221
100,241
55,221
100,241
100,241
100,241
95,293
90,329
90,329
75,226
65,231
65,231
75,231
105,231
105,231
65,205
65,205
75,211
100,262
100,262
70,205
70,205
90,216
100,211
100,211
85,216
75,221
75,221
95,277
95,277
95,257
80,277
80,277
105,205
105,205
75,252
75,298
75,298
85,303
90,308
90,308
90,283
95,262
95,262
105,298
105,267
105,267
85,303
85,303
90,277
85,319
105,231
85,236
80,226
80,226
80,226
90,211
85,133
95,113
95,113
80,236
80,236
95,154
100,113
100,113
65,123
95,180
110,164
100,180
100,180
95,97
100,154
105,180
105,180
75,180
80,185
85,190
85,190
85,159
90,211
85,221
90,272
90,272
105,180
70,190
70,190
105,159
105,159
85,190
80,200
70,216
70,216
90,133
75,236
75,262
75,262
100,329
105,267
110,247
110,247
95,164
100,144
100,211
100,175
85,169
85,169
85,200
85,159
85,164
85,159
85,205
80,190
85,175
85,175
90,211
90,236
80,226
75,262
75,247
75,247
80,247
110,241
110,241
100,216
100,216
100,211
100,257
90,303
85,380
85,380
90,324
90,324
90,324
130,149
165,15
165,15
85,277
110,190
120,66
120,66
95,262
90,128
90,87
90,87
120,92
145,97
145,97
105,118
95,247
85,324
100,138
90,329
90,329
70,334
85,314
90,375
90,375
110,334
105,350
105,350
100,293
85,375
75,386
75,386
80,272
80,118
80,118
90,380
90,375
90,380
60,185
0,0
0,0
85,344
80,267
75,118
75,118
100,61
100,61
95,339
95,339
105,272
70,190
90,283
110,133
145,82
145,82
85,118
85,118
155,15
130,15
155,15
185,30
250,61
95,236
95,236
50,97
50,97
45,97
10,108
10,108
90,252
90,252
100,46
105,61
100,46
100,72
100,97
100,133
80,241
65,190
50,154
50,154
90,190
95,185
100,175
85,108
85,108
85,144
75,118
70,123
70,123
90,159
85,236
70,221
70,221
80,200
90,175
95,164
95,164
85,252
85,252
85,252
90,200
105,200
95,221
120,149
120,149
120,144
110,123
105,108
105,108
95,138
105,164
105,164
50,36
50,36
95,118
95,118
50,118
50,118
65,108
95,72
115,46
75,46
35,41
40,36
35,41
45,87
55,144
55,144
45,118
45,118
55,123
70,195
80,221
80,221
145,97
125,133
120,159
120,159
75,133
75,133
80,154
90,164
90,164
60,92
60,92
75,159
90,138
95,180
110,190
90,247
90,247
85,236
95,154
95,118
95,118
0,0
70,252
70,252
100,200
105,123
105,123
20,10
20,10
100,231
55,30
55,30
40,25
30,20
30,20
90,164
170,20
170,20
215,30
105,56
85,236
60,108
260,77
330,10
330,10
85,118
85,118
55,10
55,10
100,25
130,36
65,82
65,154
65,154
5,10
350,41
80,175
80,175
85,149
125,51
85,247
85,247
90,159
95,118
95,118
50,118
50,118
65,56
40,10
355,5
355,5
325,41
160,56
240,61
215,138
315,97
315,97
310,92
300,123
250,77
250,77
250,72
255,87
315,30
240,128
240,128
230,118
240,128
260,128
110,10
0,0
0,0
150,15
60,82
60,82
0,77
0,77
0,92
85,56
95,82
95,82
95,82
20,25
20,25
300,118
300,118
310,41
150,56
220,123
220,123
235,108
280,113
280,113
205,128
205,128
250,36
245,36
250,36
335,61
335,61
245,118
245,108
245,118
245,123
255,133
255,133
25,113
25,113
0,36
0,36
245,66
130,36
250,30
65,138
65,138
175,10
175,10
270,46
215,25
155,118
155,118
165,36
145,25
145,25
355,61
275,97
270,108
270,108
340,113
300,128
300,128
290,97
280,113
295,128
295,128
320,118
320,118
315,113
310,108
230,118
230,118
0,0
0,0
330,10
310,108
310,108
310,77
265,123
265,123
270,108
300,82
335,41
335,41
305,113
320,82
345,92
345,92
270,25
270,25
85,72
65,138
130,82
150,149
295,123
325,133
325,133
320,108
320,102
355,46
280,30
235,77
355,46
280,30
235,77
225,56
225,56
225,56
245,108
255,149
255,149
325,82
305,25
325,30
305,25
280,66
260,108
260,108
265,169
265,169
260,149
260,138
285,123
255,236
255,77
230,10
230,10
335,92
350,97
350,97
345,41
315,113
340,46
260,20
210,138
275,20
275,20
230,46
280,66
280,169
275,133
275,226
275,257
285,195
285,211
250,113
285,56
330,77
310,133
310,133
255,97
265,66
280,82
285,46
285,46
175,77
175,77
175,77
205,56
235,30
235,30
190,66
190,66
200,51
215,41
225,25
225,25
230,97
230,97
240,97
235,113
235,108
235,108
235,108
250,118
255,56
255,56
280,82
280,113
295,164
295,164
295,118
280,128
255,133
250,169
250,169
260,144
255,149
245,149
245,159
245,149
255,149
260,123
300,159
300,159
300,154
295,154
270,102
265,118
265,118
275,97
225,144
220,154
220,154
220,180
220,180
220,138
230,56
230,56
230,66
230,66
305,97
315,138
315,138
330,200
330,200
335,159
315,149
340,149
340,102
280,30
295,46
280,30
250,77
225,118
225,118
205,169
205,169
215,211
220,236
220,247
220,247
205,118
205,118
210,56
240,46
240,46
0,97
0,97
315,190
315,200
315,169
285,118
285,118
285,123
275,133
260,92
260,92
255,108
235,149
220,133
225,133
225,133
255,30
255,30
275,87
275,87
270,154
265,149
270,154
280,144
290,169
290,169
270,144
270,154
265,185
265,185
260,144
265,149
265,118
240,118
235,123
235,123
285,123
265,61
260,25
260,25
245,46
275,61
245,46
255,41
290,87
290,87
290,87
280,97
275,118
275,144
240,113
240,113
260,87
265,61
275,30
275,30
265,164
265,164
270,118
265,149
265,128
265,128
265,128
245,123
295,92
295,82
295,82
245,123
245,123
240,56
250,46
250,46
265,77
280,118
280,118
270,36
305,113
305,113
305,113
310,97
305,92
240,72
220,97
215,92
215,92
220,97
220,97
225,72
235,15
240,72
270,30
270,30
265,36
275,41
335,20
355,51
0,56
0,56
25,102
25,97
25,102
50,97
235,123
235,123
225,36
330,46
330,46
0,5
0,5
245,118
245,118
265,56
345,5
345,5
100,36
100,36
295,118
295,118
300,72
310,36
310,36
0,0
0,0
265,108
265,108
280,82
180,97
275,138
300,118
305,118
305,118
65,10
65,10
135,92
300,185
300,185
315,159
320,118
320,118
190,56
0,0
0,0
215,20
215,20
160,46
160,77
215,175
210,180
210,180
180,97
180,97
175,66
150,56
340,108
340,113
340,113
350,108
0,108
0,108
330,41
0,0
0,0
215,87
215,87
245,20
245,20
255,25
170,72
95,118
95,118
310,133
310,133
320,66
345,36
25,25
25,25
0,56
0,46
280,128
300,169
310,164
310,164
285,185
305,123
305,118
305,118
240,41
240,41
290,195
290,195
260,46
225,56
260,46
205,87
235,159
235,138
235,159
185,66
155,5
155,5
260,118
260,108
260,118
315,87
0,61
315,66
340,15
340,15
305,97
305,97
300,66
245,20
245,20
205,61
120,15
120,15
75,102
75,102
300,61
300,61
310,30
25,10
25,10
115,118
115,118
225,41
310,128
295,102
295,102
0,87
0,87
45,87
285,118
285,118
290,72
275,61
275,61
25,5
25,5
250,195
250,180
250,195
205,113
175,56
175,56
100,128
285,61
320,41
320,41
0,87
0,87
265,118
305,113
305,113
305,113
335,66
355,36
355,36
